<?xml version="1.0" encoding="UTF-8" standalone="yes"?>
<businessObjectModel modelVersion="1.0" productVersion="7.5.1">
    <businessObjects>
        <businessObject qualifiedName="com.evoke.offboarding.Employee">
            <fields>
                <field type="STRING" length="255" name="employeeId" nullable="true" collection="false"/>
                <field type="STRING" length="255" name="employeeName" nullable="true" collection="false"/>
                <field type="STRING" length="255" name="department" nullable="true" collection="false"/>
                <field type="STRING" length="255" name="designation" nullable="true" collection="false"/>
                <field type="STRING" length="255" name="grade" nullable="true" collection="false"/>
                <field type="STRING" length="255" name="reportingManager" nullable="true" collection="false"/>
                <field type="STRING" length="255" name="reportingManagerEmail" nullable="true" collection="false"/>
                <field type="STRING" length="255" name="employmentType" nullable="true" collection="false"/>
                <field type="LOCALDATE" length="255" name="dateOfJoining" nullable="true" collection="false"/>
                <field type="LOCALDATE" length="255" name="dateOfRelieving" nullable="true" collection="false"/>
                <relationField type="COMPOSITION" reference="com.evoke.offboarding.Resignation" fetchType="LAZY" name="resignation" nullable="true" collection="false"/>
            </fields>
            <uniqueConstraints/>
            <queries/>
            <indexes/>
        </businessObject>
        <businessObject qualifiedName="com.evoke.offboarding.Checklist">
            <fields>
                <field type="STRING" length="255" name="type" nullable="true" collection="false"/>
                <field type="STRING" length="255" name="checkListItem" nullable="true" collection="false"/>
                <field type="STRING" length="255" name="status" nullable="true" collection="false"/>
            </fields>
            <uniqueConstraints/>
            <queries/>
            <indexes/>
        </businessObject>
        <businessObject qualifiedName="com.evoke.offboarding.Clearance">
            <fields>
                <field type="STRING" length="255" name="deptStatus" nullable="true" collection="false"/>
                <field type="STRING" length="255" name="remarks" nullable="true" collection="false"/>
                <field type="STRING" length="255" name="signature" nullable="true" collection="false"/>
                <field type="STRING" length="255" name="department" nullable="true" collection="false"/>
            </fields>
            <uniqueConstraints/>
            <queries/>
            <indexes/>
        </businessObject>
        <businessObject qualifiedName="com.evoke.offboarding.Resignation">
            <fields>
                <field type="LONG" length="255" name="caseId" nullable="true" collection="false"/>
                <field type="LOCALDATE" length="255" name="caseInitiationDate" nullable="true" collection="false"/>
                <field type="LOCALDATE" length="255" name="dateOfResignation" nullable="true" collection="false"/>
                <field type="STRING" length="255" name="reasonForLeaving" nullable="true" collection="false"/>
                <field type="STRING" length="255" name="noticePeriod" nullable="true" collection="false"/>
                <field type="STRING" length="255" name="allDeptStatus" nullable="true" collection="false"/>
                <field type="STRING" length="255" name="initiator" nullable="true" collection="false"/>
                <relationField type="COMPOSITION" reference="com.evoke.offboarding.Checklist" fetchType="LAZY" name="checklist" nullable="true" collection="true"/>
                <relationField type="COMPOSITION" reference="com.evoke.offboarding.Clearance" fetchType="LAZY" name="clearance" nullable="true" collection="true"/>
            </fields>
            <uniqueConstraints/>
            <queries/>
            <indexes/>
        </businessObject>
    </businessObjects>
</businessObjectModel>
